business_name,niche,phone,whatsapp,rating,reviews,website_status,branch_signal,digital_score,priority_score,maps_link,district,city,website,short_address,taluka
Rai Education NEET JEE Foundation Classes In Beed,"IIT JEE, NEET, 11th 12th Science",9852983333,9852983333,4.9,48,weak_website,single_location,85,100,https://www.google.com/maps/place/Rai Education- NEET JEE FOUNDATION Classes in Beed/data=!4m7!3m6!1s0x4665d7b5f829a43f:0x20835edfb277ae1f!8m2!3d18.9937194!4d75.7508093!16s/g/11vz6hwy45!19sChIJP6Qp-LXXZUYRH653st9egyA,Beed,,https://instagram.com,"Kranti Nagar, Beed",
Physics Wallah Vidyapeeth Pathshala Coaching Center Beed 8th 12th IIT JEE NEET And Dropper MHT CET,"IIT JEE, NEET, 11th 12th Science, MHT-CET, CET",7428096975,7428096975,4.6,28,active_website,multiple_branches,70,100,"https://www.google.com/maps/place/Physics Wallah Vidyapeeth Pathshala Coaching Center Beed (8th-12th ) IIT-JEE,NEET and Dropper MHT-CET/data=!4m7!3m6!1s0x3bc52b0cb6590c13:0xc283b9d1a6163b3e!8m2!3d19.0018642!4d75.7487429!16s/g/11yb171lfk!19sChIJEwxZtgwrxTsRPjsWptG5g8I",Beed,,https://pw.live,"Shivrana Nagar, Beed",
Biyani Digital Smart Coaching,CET,8600555689,8600555689,4.6,102,no_website,single_location,95,85,https://www.google.com/maps/place/Biyani Digital Smart Coaching/data=!4m7!3m6!1s0x3bc52ad905ff01fd:0xfd8b3a7f02523b2a!8m2!3d18.996515!4d75.756584!16s/g/11g6qdjjd2!19sChIJ_QH_BdkqxTsRKjtSAn86i_0,Beed,,,"Shivaji Maharaj Stadium, Beed",
Rahnuma Coaching & Spoken English With Rahnuma Academy,"11th 12th Science, English Speaking",9096666220,9096666220,4.9,133,active_website,single_location,70,80,https://www.google.com/maps/place/Rahnuma Coaching & spoken English with Rahnuma academy/data=!4m7!3m6!1s0x3bc52ae3cdb57b2d:0xdfb5a53ad43928b0!8m2!3d18.9804008!4d75.757498!16s/g/11dymbf0mm!19sChIJLXu1zeMqxTsRsCg51Dqltd8,Beed,,http://rahnumaacademy.in,"Bir, Beed",
Vidyamandir Career Institute,11th 12th Science,8380000919,8380000919,5.0,68,no_website,single_location,95,75,https://www.google.com/maps/place/VIDYAMANDIR Career Institute/data=!4m7!3m6!1s0x3bc52bcfc7348123:0x638a4402b08eb833!8m2!3d18.9963986!4d75.7501984!16s/g/11x8jp5ks9!19sChIJI4E0x88rxTsRM7iOsAJEimM,Beed,,,"Shahunagar, Beed",
Reporter Physics Classes Beed,"NEET, 11th 12th Science",7350307209,7350307209,5.0,36,no_website,single_location,95,75,"https://www.google.com/maps/place/Reporter Physics Classes,Beed/data=!4m7!3m6!1s0x3bc52b63b98d2f8d:0x8cdf95167bf20b15!8m2!3d18.9953938!4d75.7507601!16s/g/11x0c35q24!19sChIJjS-NuWMrxTsRFQvyexaV34w",Beed,,,"Shahunagar, Beed",
Prabhas Capital Stock Market Academy,11th 12th Science,7020521369,7020521369,5.0,28,no_website,single_location,95,75,https://www.google.com/maps/place/Prabhas Capital Stock Market Academy/data=!4m7!3m6!1s0x3bc52da0a56e7b47:0x8319ca17ef7c287f!8m2!3d19.0142688!4d75.747246!16s/g/11ssx6g5pq!19sChIJR3tupaAtxTsRfyh87xfKGYM,Beed,,,"Beed, Wasanwadi",
Lamb's Mathematics Classes,"IIT JEE, CET",8482954799,8482954799,4.9,73,no_website,single_location,95,75,https://www.google.com/maps/place/Lamb's Mathematics Classes ( IIT JEE I MHTCET I FOUNDATION )/data=!4m7!3m6!1s0x3bc52b10eea25ccd:0x33dcf7072355d936!8m2!3d18.996286!4d75.749487!16s/g/11y9pvdby9!19sChIJzVyi7hArxTsRNtlVIwf33DM,Beed,,,"Kranti Nagar, Beed",
Shraddha Coaching Classes,NEET,9404321915,9404321915,4.3,23,no_website,single_location,95,75,https://www.google.com/maps/place/Shraddha Coaching Classes/data=!4m7!3m6!1s0x3bc52adca6499c3b:0x4a7b7e3393dade40!8m2!3d18.9927727!4d75.7496059!16s/g/11c2pj14ms!19sChIJO5xJptwqxTsRQN7akzN-e0o,Beed,,,"Shriram Nagar, Beed",
